sale_id,customer_id,sale_amount,sale_date,product
1,99,297.84,2022-03-03,Headphones
2,73,428.73,2021-07-19,Headphones
3,95,406.58,2022-01-21,Phone
4,75,978.67,2021-06-01,Tablet
5,29,987.96,2022-05-19,Laptop
6,57,482.21,2022-07-03,Laptop
7,79,393.79,2022-08-16,Laptop
8,89,818.58,2022-06-14,Phone
9,76,735.89,2021-06-17,Phone
10,34,987.2,2021-05-06,Monitor
11,6,791.61,2021-04-05,Phone
12,4,502.02,2022-01-16,Tablet
13,73,850.71,2021-07-30,Monitor
14,14,692.39,2022-07-21,Monitor
15,64,173.76,2021-05-26,Monitor
16,21,152.03,2021-06-24,Tablet
17,92,465.08,2022-05-22,Laptop
18,44,504.87,2022-03-02,Headphones
19,66,98.68,2021-11-12,Monitor
20,52,718.58,2021-09-04,Laptop
21,53,747.04,2021-04-16,Phone
22,97,317.44,2022-08-30,Tablet
23,9,257.18,2022-01-06,Laptop
24,61,883.16,2022-07-14,Monitor
25,46,309.77,2022-05-29,Laptop
26,78,349.64,2022-11-13,Headphones
27,47,958.71,2022-07-25,Phone
28,66,596.47,2022-10-23,Tablet
29,53,762.09,2021-06-30,Phone
30,59,262.08,2021-05-16,Tablet
31,75,670.16,2022-04-15,Monitor
32,37,442.56,2022-12-27,Tablet
33,26,608.76,2021-05-13,Headphones
34,75,400.63,2022-03-22,Tablet
35,1,820.95,2022-03-22,Monitor
36,31,560.63,2021-01-16,Phone
37,10,290.59,2021-09-07,Laptop
38,22,413.01,2021-06-16,Tablet
39,50,416.55,2021-09-01,Headphones
40,40,671.73,2022-01-06,Phone
41,26,58.36,2021-08-30,Laptop
42,54,244.25,2021-09-28,Headphones
43,77,305.17,2021-09-15,Monitor
44,67,569.78,2021-08-08,Headphones
45,8,994.1,2022-12-29,Laptop
46,3,912.88,2021-07-18,Tablet
47,26,278.47,2021-02-15,Tablet
48,38,400.09,2021-03-09,Headphones
49,25,963.13,2021-10-15,Phone
50,26,922.68,2022-01-13,Tablet
51,97,300.74,2022-04-22,Headphones
52,24,264.35,2022-09-21,Tablet
53,33,242.89,2021-07-10,Headphones
54,72,806.85,2021-09-24,Headphones
55,84,352.8,2022-01-30,Headphones
56,88,691.78,2022-07-27,Tablet
57,37,717.24,2021-08-23,Tablet
58,27,57.96,2021-12-25,Headphones
59,9,980.77,2021-12-26,Monitor
60,24,450.18,2022-10-15,Laptop
61,35,107.39,2021-02-08,Phone
62,61,280.44,2021-12-25,Headphones
63,6,984.51,2021-05-27,Phone
64,29,948.78,2021-10-06,Phone
65,32,899.26,2022-12-06,Tablet
66,34,233.62,2022-02-28,Monitor
67,49,845.82,2022-02-26,Tablet
68,41,906.85,2022-01-16,Phone
69,32,95.36,2022-08-22,Laptop
70,31,742.89,2021-05-03,Tablet
71,22,940.6,2022-10-15,Laptop
72,93,434.79,2021-12-18,Headphones
73,54,582.0,2022-06-09,Tablet
74,19,882.73,2021-10-14,Laptop
75,86,900.56,2022-08-05,Tablet
76,90,588.73,2021-06-28,Tablet
77,51,423.6,2022-07-25,Phone
78,15,641.78,2022-03-23,Tablet
79,75,63.54,2022-06-08,Monitor
80,70,671.57,2022-04-19,Phone
81,15,480.42,2021-09-03,Laptop
82,64,746.75,2021-04-16,Phone
83,63,447.0,2022-05-30,Tablet
84,94,486.36,2021-01-30,Headphones
85,32,231.31,2022-02-22,Phone
86,64,395.63,2022-10-14,Laptop
87,53,298.3,2022-02-09,Monitor
88,19,987.39,2022-10-08,Phone
89,93,492.77,2021-02-15,Monitor
90,12,487.42,2022-03-24,Laptop
91,44,927.0,2022-10-28,Phone
92,47,429.66,2021-08-11,Laptop
93,45,116.79,2022-12-06,Phone
94,30,374.4,2022-11-04,Monitor
95,84,358.42,2021-07-18,Tablet
96,24,159.21,2022-01-30,Tablet
97,26,320.68,2022-09-27,Tablet
98,39,926.01,2022-08-15,Tablet
99,87,627.69,2022-03-13,Laptop
100,86,260.81,2021-12-10,Monitor
101,7,69.09,2021-10-31,Monitor
102,11,709.47,2021-05-24,Phone
103,80,870.69,2022-05-22,Tablet
104,63,521.22,2022-09-26,Laptop
105,22,486.25,2022-12-18,Phone
106,45,338.05,2022-07-25,Headphones
107,18,967.45,2021-08-20,Monitor
108,20,849.27,2021-01-29,Tablet
109,1,498.54,2021-05-29,Laptop
110,81,67.66,2022-04-28,Headphones
111,20,907.57,2022-12-18,Headphones
112,57,914.15,2022-08-08,Monitor
113,77,990.13,2022-02-11,Monitor
114,19,558.36,2022-07-15,Phone
115,76,723.51,2021-04-24,Laptop
116,46,703.03,2021-08-02,Laptop
117,54,270.77,2021-08-24,Phone
118,6,461.29,2022-05-21,Tablet
119,78,176.23,2022-07-18,Phone
120,15,718.81,2022-07-15,Laptop
121,29,90.83,2021-03-04,Tablet
122,4,922.9,2022-09-22,Headphones
123,45,403.58,2022-02-17,Laptop
124,29,877.27,2021-01-05,Tablet
125,6,196.69,2022-12-23,Tablet
126,93,296.12,2021-02-14,Tablet
127,48,557.46,2021-11-25,Phone
128,8,746.57,2021-03-14,Headphones
129,10,418.8,2022-08-05,Laptop
130,11,540.32,2021-11-20,Headphones
131,71,820.29,2021-03-21,Laptop
132,17,610.05,2021-03-28,Headphones
133,54,238.67,2021-11-07,Monitor
134,6,734.25,2021-09-16,Monitor
135,96,703.0,2021-08-04,Phone
136,82,709.11,2021-02-12,Tablet
137,39,741.28,2021-10-11,Laptop
138,36,464.7,2021-04-29,Monitor
139,2,670.16,2022-05-02,Tablet
140,100,214.75,2022-10-16,Tablet
141,90,569.22,2021-09-04,Phone
142,23,762.26,2022-06-14,Phone
143,73,449.74,2022-06-13,Monitor
144,29,541.12,2022-03-27,Laptop
145,81,818.58,2021-03-18,Monitor
146,67,517.56,2022-02-09,Phone
147,73,145.04,2021-03-07,Phone
148,68,741.9,2021-06-15,Laptop
149,58,346.89,2022-09-16,Laptop
150,28,498.82,2021-06-12,Laptop
151,44,998.36,2022-04-07,Tablet
152,29,134.84,2022-04-12,Phone
153,54,973.33,2022-06-11,Tablet
154,62,730.23,2022-07-09,Phone
155,92,341.04,2021-01-21,Phone
156,97,207.34,2022-05-11,Laptop
157,13,833.61,2021-04-29,Laptop
158,85,405.7,2021-12-13,Headphones
159,15,203.12,2021-10-17,Tablet
160,31,828.46,2021-07-01,Headphones
161,84,383.43,2021-02-16,Headphones
162,77,607.27,2022-04-20,Headphones
163,73,971.48,2021-10-29,Laptop
164,77,148.32,2022-04-30,Monitor
165,83,674.54,2021-04-20,Tablet
166,25,830.24,2022-11-29,Headphones
167,99,777.48,2021-06-08,Headphones
168,8,405.45,2022-10-27,Monitor
169,22,666.43,2022-07-25,Headphones
170,1,270.56,2022-01-05,Tablet
171,1,163.87,2022-07-16,Phone
172,81,695.56,2022-01-15,Laptop
173,34,498.48,2022-05-13,Laptop
174,86,700.48,2022-01-27,Laptop
175,1,525.88,2021-10-05,Monitor
176,83,862.17,2022-09-03,Laptop
177,10,621.85,2021-08-14,Phone
178,94,715.58,2022-03-08,Monitor
179,58,704.5,2022-10-27,Phone
180,46,673.72,2021-05-04,Phone
181,32,417.91,2022-11-29,Tablet
182,82,319.92,2022-11-09,Headphones
183,74,431.56,2021-03-05,Laptop
184,56,379.43,2022-09-28,Headphones
185,86,424.68,2022-01-14,Tablet
186,86,929.26,2022-02-16,Monitor
187,95,624.41,2021-09-03,Laptop
188,22,641.97,2021-05-25,Phone
189,10,181.79,2022-02-27,Headphones
190,15,620.24,2021-06-03,Monitor
191,52,384.82,2021-04-06,Tablet
192,14,986.07,2022-06-07,Tablet
193,68,817.95,2021-01-11,Phone
194,54,207.56,2022-03-08,Laptop
195,10,684.5,2021-05-07,Phone
196,65,101.94,2021-05-24,Tablet
197,24,231.37,2021-09-18,Monitor
198,100,592.38,2021-01-07,Phone
199,40,757.07,2021-05-24,Phone
200,55,110.33,2021-03-02,Headphones
201,65,775.02,2021-01-24,Monitor
202,84,676.12,2021-05-01,Phone
203,75,717.13,2022-11-14,Headphones
204,91,63.53,2022-05-18,Headphones
205,16,107.72,2022-09-30,Laptop
206,96,807.05,2021-01-09,Headphones
207,66,389.75,2021-11-03,Tablet
208,86,214.96,2022-06-19,Monitor
209,79,375.12,2021-08-18,Laptop
210,38,127.0,2022-07-07,Headphones
211,19,953.0,2022-12-20,Headphones
212,53,997.1,2022-03-02,Laptop
213,68,576.87,2022-11-25,Tablet
214,68,264.61,2022-02-11,Laptop
215,56,150.21,2022-08-22,Headphones
216,57,601.77,2022-01-21,Headphones
217,68,546.09,2021-09-05,Tablet
218,91,293.68,2022-11-14,Monitor
219,1,52.47,2022-07-16,Tablet
220,95,655.09,2022-03-29,Laptop
221,10,207.1,2022-01-25,Monitor
222,7,124.93,2021-03-12,Headphones
223,64,799.27,2021-03-26,Monitor
224,55,577.02,2022-07-01,Monitor
225,75,517.39,2021-10-10,Headphones
226,48,500.21,2022-12-05,Headphones
227,96,813.89,2022-04-24,Headphones
228,76,859.74,2021-12-31,Headphones
229,2,115.19,2021-12-08,Phone
230,39,229.56,2021-06-30,Phone
231,9,387.57,2021-05-17,Headphones
232,10,614.62,2021-12-19,Tablet
233,100,945.88,2022-08-27,Tablet
234,4,581.93,2022-01-23,Tablet
235,97,669.23,2022-11-15,Monitor
236,42,336.06,2022-10-18,Headphones
237,46,621.25,2022-04-10,Tablet
238,57,876.24,2021-09-30,Headphones
239,49,463.04,2021-02-17,Headphones
240,27,354.35,2022-10-04,Monitor
241,86,593.91,2021-12-26,Phone
242,17,731.79,2022-02-07,Monitor
243,27,668.46,2021-03-15,Phone
244,63,124.12,2021-06-10,Headphones
245,35,466.82,2021-04-24,Monitor
246,85,783.72,2022-12-24,Tablet
247,69,692.17,2022-08-26,Headphones
248,62,870.48,2022-12-31,Monitor
249,44,619.8,2021-06-08,Headphones
250,96,110.44,2021-08-28,Tablet
251,20,521.57,2022-02-09,Tablet
252,13,320.97,2022-10-31,Headphones
253,80,758.67,2022-02-02,Tablet
254,1,904.08,2022-08-05,Phone
255,30,59.49,2021-05-24,Headphones
256,90,319.36,2021-11-01,Phone
257,94,256.66,2022-10-28,Headphones
258,40,993.26,2022-04-06,Monitor
259,56,422.8,2022-04-23,Laptop
260,61,934.46,2021-03-11,Headphones
261,7,219.8,2021-06-04,Laptop
262,23,291.51,2021-04-06,Monitor
263,66,876.88,2021-05-09,Headphones
264,44,310.31,2021-10-04,Tablet
265,94,83.15,2022-08-08,Headphones
266,66,963.79,2022-11-12,Laptop
267,84,707.09,2022-10-20,Laptop
268,22,466.83,2021-12-03,Phone
269,21,536.13,2021-05-12,Monitor
270,2,553.92,2022-05-13,Laptop
271,78,452.13,2022-11-28,Headphones
272,98,765.76,2021-09-03,Headphones
273,58,351.83,2022-03-31,Laptop
274,94,444.63,2022-07-31,Phone
275,25,230.02,2021-11-23,Tablet
276,70,424.76,2021-10-11,Laptop
277,38,328.27,2021-07-30,Laptop
278,10,859.47,2021-08-18,Tablet
279,46,714.34,2022-12-13,Tablet
280,29,429.65,2021-09-21,Phone
281,49,784.78,2021-12-11,Tablet
282,29,77.5,2021-09-24,Phone
283,89,433.38,2022-09-15,Laptop
284,4,413.45,2021-02-09,Tablet
285,4,913.05,2021-09-29,Monitor
286,52,865.81,2021-05-11,Headphones
287,100,484.23,2022-01-22,Tablet
288,63,87.58,2022-11-05,Headphones
289,23,664.29,2022-10-20,Headphones
290,94,689.25,2021-05-12,Headphones
291,37,907.75,2021-08-06,Headphones
292,16,827.76,2022-05-23,Tablet
293,4,949.76,2022-08-22,Tablet
294,47,532.15,2021-12-28,Headphones
295,24,54.85,2022-02-03,Phone
296,82,697.31,2022-07-03,Headphones
297,31,828.94,2022-03-03,Headphones
298,5,551.9,2022-03-09,Headphones
299,42,542.77,2021-05-10,Phone
300,8,213.15,2022-01-18,Laptop
301,33,463.35,2021-02-10,Tablet
302,16,832.24,2022-10-05,Laptop
303,22,943.66,2022-11-03,Laptop
304,18,509.08,2022-08-29,Laptop
305,94,808.45,2022-01-17,Headphones
306,13,430.86,2022-05-21,Tablet
307,61,203.99,2021-10-26,Headphones
308,50,899.33,2022-10-13,Laptop
309,74,291.09,2022-11-29,Headphones
310,91,357.27,2022-04-29,Tablet
311,27,472.98,2021-03-24,Headphones
312,2,454.89,2021-06-01,Tablet
313,65,67.77,2022-06-13,Monitor
314,49,156.21,2021-07-29,Phone
315,47,572.21,2022-05-09,Monitor
316,50,245.79,2022-08-01,Tablet
317,19,530.78,2021-11-11,Headphones
318,55,960.13,2022-12-04,Headphones
319,31,454.51,2022-06-05,Monitor
320,29,417.7,2022-05-26,Laptop
321,15,400.72,2021-12-26,Phone
322,56,212.7,2021-06-29,Phone
323,65,715.45,2021-09-02,Headphones
324,56,525.74,2022-10-27,Phone
325,98,197.63,2022-05-27,Laptop
326,68,290.37,2022-03-07,Phone
327,38,82.9,2022-03-23,Tablet
328,55,96.48,2022-05-14,Monitor
329,44,397.23,2021-12-21,Laptop
330,74,346.34,2021-06-12,Headphones
331,90,916.12,2022-06-12,Laptop
332,56,812.59,2022-09-05,Tablet
333,63,751.25,2022-11-03,Tablet
334,36,798.35,2022-08-30,Phone
335,41,610.98,2021-02-16,Tablet
336,70,636.1,2021-08-31,Phone
337,31,171.37,2022-10-29,Phone
338,91,766.54,2021-04-17,Phone
339,61,122.91,2022-09-04,Tablet
340,80,126.3,2022-08-24,Laptop
341,80,553.84,2021-07-09,Headphones
342,86,150.59,2021-04-19,Tablet
343,57,995.79,2021-10-02,Laptop
344,23,617.17,2022-12-04,Monitor
345,36,256.51,2022-01-29,Headphones
346,1,559.2,2021-12-14,Tablet
347,98,408.36,2022-10-22,Tablet
348,70,993.26,2022-02-24,Headphones
349,56,88.64,2022-11-14,Monitor
350,86,97.43,2022-09-23,Phone
351,99,900.32,2022-12-23,Headphones
352,31,305.07,2022-11-04,Tablet
353,74,491.53,2022-10-31,Phone
354,69,477.37,2022-07-07,Phone
355,57,697.39,2022-10-12,Laptop
356,39,303.72,2021-08-23,Phone
357,95,169.19,2021-01-01,Headphones
358,17,627.84,2022-08-29,Tablet
359,33,182.97,2021-11-17,Phone
360,100,362.71,2022-04-19,Laptop
361,19,57.81,2022-05-29,Phone
362,67,670.41,2022-01-02,Headphones
363,41,949.86,2021-12-22,Laptop
364,33,967.79,2021-03-12,Tablet
365,77,550.89,2021-09-13,Tablet
366,58,768.51,2022-05-01,Phone
367,52,454.22,2022-07-20,Headphones
368,58,318.33,2022-11-05,Monitor
369,32,372.5,2021-01-19,Headphones
370,81,245.41,2021-12-24,Tablet
371,99,688.99,2021-09-25,Headphones
372,6,907.7,2022-07-24,Headphones
373,73,794.26,2021-10-05,Monitor
374,58,821.72,2021-08-11,Laptop
375,49,791.61,2021-11-18,Headphones
376,42,458.28,2021-11-22,Tablet
377,4,450.36,2022-04-14,Headphones
378,44,239.08,2021-10-19,Laptop
379,12,989.44,2021-05-16,Phone
380,23,261.57,2022-05-13,Phone
381,37,157.19,2021-08-09,Phone
382,48,111.05,2021-06-26,Tablet
383,5,192.97,2022-06-07,Phone
384,62,163.39,2022-03-14,Phone
385,82,979.48,2021-02-17,Tablet
386,30,175.25,2022-04-01,Headphones
387,39,837.59,2021-06-01,Monitor
388,87,109.86,2022-05-01,Monitor
389,99,445.93,2021-07-16,Monitor
390,34,905.74,2021-04-25,Phone
391,69,905.37,2022-05-12,Headphones
392,24,327.91,2021-04-09,Monitor
393,81,531.24,2022-04-27,Tablet
394,28,214.12,2022-02-27,Tablet
395,56,500.73,2022-04-30,Phone
396,79,610.71,2021-03-04,Phone
397,97,370.66,2022-10-14,Phone
398,17,685.37,2021-08-23,Headphones
399,78,113.03,2022-02-24,Laptop
400,45,561.59,2021-05-26,Headphones
401,43,249.04,2022-02-26,Tablet
402,77,669.11,2022-11-20,Tablet
403,62,567.88,2021-03-02,Monitor
404,47,538.37,2021-05-18,Laptop
405,75,468.72,2022-04-26,Tablet
406,41,548.92,2022-05-10,Laptop
407,30,414.84,2021-10-27,Phone
408,69,412.73,2021-08-25,Laptop
409,49,939.34,2021-05-14,Laptop
410,30,101.88,2022-03-19,Monitor
411,31,106.85,2021-08-16,Tablet
412,34,922.6,2022-03-14,Headphones
413,85,961.72,2022-06-12,Phone
414,51,409.7,2022-09-14,Headphones
415,76,922.62,2022-08-31,Monitor
416,24,742.18,2021-12-01,Tablet
417,91,65.84,2021-09-06,Monitor
418,63,110.11,2021-01-21,Laptop
419,60,486.4,2022-02-23,Headphones
420,99,593.11,2021-10-28,Headphones
421,25,340.02,2021-11-06,Phone
422,85,758.3,2021-09-15,Headphones
423,41,667.11,2021-09-05,Tablet
424,82,817.16,2022-05-09,Laptop
425,76,758.49,2021-08-27,Monitor
426,18,331.17,2021-01-30,Laptop
427,53,338.38,2022-03-25,Laptop
428,16,81.96,2022-02-08,Laptop
429,43,170.8,2022-01-26,Headphones
430,8,201.71,2021-02-17,Headphones
431,18,775.0,2021-11-13,Headphones
432,47,525.38,2021-06-27,Monitor
433,81,551.97,2022-09-21,Laptop
434,3,888.58,2021-01-01,Headphones
435,27,964.3,2022-08-05,Phone
436,35,696.6,2021-11-26,Headphones
437,37,94.89,2021-12-16,Phone
438,90,230.78,2021-06-06,Laptop
439,50,699.66,2021-04-01,Phone
440,26,720.02,2022-08-10,Headphones
441,34,410.61,2022-09-17,Monitor
442,70,329.76,2021-02-04,Headphones
443,50,375.73,2022-03-09,Monitor
444,9,928.87,2022-01-25,Headphones
445,53,840.57,2022-05-04,Laptop
446,20,796.12,2021-10-24,Monitor
447,59,911.27,2022-02-28,Laptop
448,45,162.79,2022-03-28,Laptop
449,71,806.01,2021-01-11,Tablet
450,80,353.59,2022-12-08,Phone
451,9,969.67,2021-08-07,Tablet
452,89,741.8,2021-01-25,Phone
453,57,703.97,2021-11-22,Headphones
454,92,188.47,2022-03-24,Tablet
455,80,589.1,2021-02-11,Headphones
456,70,579.5,2021-10-12,Tablet
457,60,982.61,2022-01-29,Phone
458,98,301.74,2021-03-26,Laptop
459,59,868.63,2022-05-06,Laptop
460,84,301.41,2022-02-26,Phone
461,58,312.17,2022-09-22,Laptop
462,72,509.69,2022-06-02,Laptop
463,91,795.31,2022-02-28,Laptop
464,82,619.7,2022-04-03,Laptop
465,80,942.71,2021-10-26,Headphones
466,28,216.69,2022-05-19,Phone
467,71,218.22,2022-09-26,Phone
468,35,126.53,2021-03-08,Phone
469,24,991.52,2021-03-31,Monitor
470,66,612.93,2021-11-06,Laptop
471,70,640.04,2022-12-27,Monitor
472,84,104.36,2022-08-28,Tablet
473,37,744.88,2021-08-15,Laptop
474,40,253.75,2022-08-14,Monitor
475,79,247.07,2022-03-28,Monitor
476,20,494.71,2022-02-20,Monitor
477,15,154.52,2022-08-07,Laptop
478,21,868.12,2022-01-13,Monitor
479,8,933.25,2021-03-11,Phone
480,8,716.24,2021-08-19,Monitor
481,23,523.41,2021-08-24,Tablet
482,85,579.08,2022-07-31,Monitor
483,18,79.71,2022-09-29,Phone
484,76,405.28,2022-01-26,Laptop
485,75,572.86,2021-01-18,Headphones
486,54,257.18,2022-05-10,Tablet
487,49,947.57,2022-03-11,Headphones
488,53,905.85,2022-04-15,Tablet
489,92,962.41,2021-01-18,Monitor
490,64,622.34,2021-08-02,Phone
491,58,707.93,2022-02-18,Phone
492,40,609.37,2022-03-10,Headphones
493,27,221.07,2021-09-04,Tablet
494,48,520.39,2021-03-20,Laptop
495,30,452.6,2022-12-09,Monitor
496,46,65.38,2021-09-19,Tablet
497,67,959.25,2021-10-14,Phone
498,94,806.92,2022-08-15,Headphones
499,50,888.56,2021-11-10,Tablet
500,96,226.86,2022-05-22,Phone
501,53,495.3,2022-12-09,Laptop
502,75,570.48,2021-01-10,Phone
503,49,865.44,2022-01-10,Phone
504,46,378.46,2022-08-02,Tablet
505,34,879.49,2022-09-17,Laptop
506,86,353.5,2022-09-03,Headphones
507,91,251.64,2021-11-24,Headphones
508,20,471.49,2022-05-06,Headphones
509,45,618.43,2021-06-19,Monitor
510,96,230.09,2021-10-31,Headphones
511,90,734.59,2021-10-09,Monitor
512,78,534.4,2022-10-02,Tablet
513,97,968.9,2021-01-21,Monitor
514,65,523.33,2022-11-29,Headphones
515,70,336.57,2021-07-21,Monitor
516,68,645.48,2021-12-05,Tablet
517,94,165.46,2021-03-24,Headphones
518,64,667.72,2022-11-22,Monitor
519,56,873.57,2022-06-16,Headphones
520,80,224.72,2021-03-22,Phone
521,14,243.34,2022-04-15,Phone
522,92,720.04,2022-09-10,Monitor
523,7,736.35,2021-08-11,Monitor
524,96,503.36,2022-02-08,Monitor
525,86,859.42,2021-08-17,Monitor
526,100,423.53,2021-07-15,Phone
527,40,443.75,2022-06-11,Tablet
528,1,492.6,2021-05-24,Laptop
529,94,980.34,2021-04-07,Laptop
530,37,541.32,2022-04-27,Monitor
531,37,999.47,2021-12-06,Tablet
532,55,206.98,2022-05-11,Monitor
533,35,251.4,2022-04-24,Phone
534,57,794.0,2021-07-21,Tablet
535,39,931.38,2021-04-04,Headphones
536,66,704.87,2022-08-30,Phone
537,52,272.22,2021-01-14,Phone
538,49,860.73,2021-03-13,Laptop
539,88,260.66,2022-12-22,Monitor
540,29,535.92,2021-07-27,Monitor
541,87,406.91,2021-07-20,Tablet
542,95,620.62,2021-07-02,Tablet
543,62,141.06,2021-11-09,Headphones
544,54,821.92,2021-02-04,Phone
545,87,282.77,2021-09-06,Headphones
546,43,255.51,2022-05-09,Laptop
547,56,877.43,2021-08-30,Phone
548,63,222.14,2021-02-25,Headphones
549,37,960.72,2022-10-11,Phone
550,56,667.59,2021-09-10,Tablet
551,70,107.85,2021-05-15,Monitor
552,91,127.96,2022-07-16,Headphones
553,45,85.89,2022-05-09,Laptop
554,14,254.37,2022-04-19,Laptop
555,28,408.86,2021-08-09,Laptop
556,39,782.56,2022-07-19,Phone
557,4,323.87,2021-02-26,Laptop
558,61,784.01,2022-11-23,Phone
559,2,588.18,2021-04-14,Laptop
560,19,147.62,2022-08-06,Headphones
561,98,930.03,2022-07-05,Phone
562,90,767.79,2022-06-05,Phone
563,6,307.83,2022-12-01,Tablet
564,49,675.31,2022-11-27,Tablet
565,98,498.97,2022-05-04,Tablet
566,31,334.47,2021-04-10,Laptop
567,23,558.53,2022-08-09,Phone
568,69,320.28,2021-01-12,Headphones
569,41,842.61,2021-05-29,Headphones
570,71,760.62,2021-02-08,Phone
571,80,143.73,2022-04-02,Tablet
572,27,82.1,2021-11-03,Laptop
573,1,657.49,2022-10-31,Tablet
574,63,191.22,2022-09-30,Laptop
575,77,765.41,2022-03-24,Laptop
576,78,993.32,2022-06-10,Laptop
577,68,652.42,2021-03-22,Laptop
578,8,757.6,2021-03-09,Laptop
579,98,397.56,2022-12-05,Monitor
580,94,186.42,2022-12-28,Monitor
581,46,911.77,2021-02-21,Laptop
582,2,191.64,2021-01-13,Tablet
583,6,339.6,2022-03-16,Headphones
584,20,110.45,2021-12-31,Laptop
585,52,457.09,2022-12-12,Tablet
586,32,685.69,2022-12-28,Phone
587,56,570.91,2021-10-12,Laptop
588,92,608.31,2022-09-08,Phone
589,74,442.97,2022-01-02,Monitor
590,12,186.7,2021-07-24,Monitor
591,10,872.28,2021-10-13,Tablet
592,63,356.0,2021-11-26,Laptop
593,29,922.43,2022-01-28,Headphones
594,37,970.31,2021-03-28,Headphones
595,97,396.8,2021-02-15,Monitor
596,50,563.49,2022-03-31,Monitor
597,73,923.55,2021-04-11,Headphones
598,99,303.21,2022-06-14,Headphones
599,41,610.16,2021-07-06,Tablet
600,91,341.06,2022-09-22,Tablet
601,97,715.68,2022-11-28,Tablet
602,33,303.25,2021-01-29,Laptop
603,18,942.88,2022-08-22,Monitor
604,98,919.48,2022-01-03,Laptop
605,78,844.97,2022-04-03,Monitor
606,3,416.64,2022-11-23,Headphones
607,93,555.46,2022-10-30,Phone
608,14,877.27,2021-11-10,Phone
609,37,229.92,2022-09-29,Headphones
610,64,689.44,2022-03-30,Headphones
611,54,60.37,2022-01-17,Headphones
612,10,188.12,2022-04-13,Headphones
613,97,651.31,2022-03-18,Phone
614,58,872.96,2021-10-11,Laptop
615,58,206.33,2022-04-28,Phone
616,99,187.15,2022-10-12,Headphones
617,8,576.44,2021-04-26,Phone
618,51,502.1,2021-05-28,Laptop
619,20,119.63,2022-03-15,Monitor
620,40,896.99,2021-10-09,Tablet
621,20,361.77,2021-03-12,Laptop
622,30,51.41,2021-01-30,Monitor
623,9,693.3,2022-03-16,Headphones
624,86,558.29,2021-03-14,Phone
625,80,71.63,2022-11-09,Tablet
626,44,208.06,2021-08-24,Tablet
627,74,398.11,2022-04-20,Headphones
628,54,938.95,2022-08-26,Monitor
629,38,611.86,2022-07-18,Tablet
630,79,308.28,2022-05-21,Phone
631,22,689.22,2021-11-18,Laptop
632,59,839.51,2022-09-26,Phone
633,58,993.49,2022-03-31,Headphones
634,41,162.38,2021-03-19,Phone
635,74,131.83,2022-06-05,Monitor
636,49,219.46,2021-11-12,Laptop
637,13,466.43,2022-01-07,Monitor
638,92,188.02,2021-08-29,Headphones
639,70,963.15,2021-10-30,Monitor
640,79,292.55,2022-02-22,Laptop
641,82,494.27,2022-07-25,Laptop
642,98,342.25,2022-08-13,Phone
643,21,724.61,2022-12-09,Headphones
644,84,617.51,2022-03-15,Phone
645,48,215.68,2022-02-01,Tablet
646,79,819.46,2021-07-22,Laptop
647,73,865.72,2022-07-06,Tablet
648,38,241.94,2021-08-27,Headphones
649,94,81.39,2022-09-16,Headphones
650,15,264.48,2022-06-04,Phone
651,34,685.76,2021-11-12,Headphones
652,54,893.93,2021-01-07,Tablet
653,26,853.19,2021-10-25,Laptop
654,8,684.23,2022-08-25,Tablet
655,50,731.67,2022-04-24,Monitor
656,12,468.94,2021-10-19,Laptop
657,65,57.79,2022-02-04,Phone
658,7,660.39,2021-12-13,Phone
659,72,686.04,2021-01-18,Phone
660,86,77.52,2022-09-02,Tablet
661,16,600.26,2022-02-22,Headphones
662,17,491.96,2021-08-11,Phone
663,67,267.6,2021-06-02,Laptop
664,66,546.82,2021-03-03,Monitor
665,67,780.29,2022-08-05,Phone
666,12,700.17,2021-09-13,Monitor
667,38,746.1,2021-11-19,Phone
668,32,81.56,2022-11-25,Tablet
669,69,886.95,2021-11-28,Headphones
670,21,882.93,2021-04-12,Tablet
671,30,119.3,2022-01-14,Headphones
672,85,375.9,2021-02-12,Headphones
673,75,359.99,2022-03-18,Tablet
674,27,965.78,2021-12-16,Phone
675,17,626.47,2022-09-09,Phone
676,6,543.05,2022-08-27,Phone
677,35,829.48,2021-07-06,Laptop
678,72,135.31,2022-02-09,Tablet
679,35,559.71,2022-09-22,Phone
680,64,221.52,2022-09-20,Laptop
681,40,491.87,2021-11-20,Monitor
682,54,875.89,2022-10-14,Headphones
683,81,189.36,2022-11-28,Headphones
684,80,93.37,2022-11-04,Tablet
685,95,212.18,2021-01-10,Tablet
686,63,698.04,2021-04-01,Laptop
687,100,957.4,2021-01-24,Monitor
688,24,750.52,2022-02-21,Monitor
689,19,695.16,2022-12-09,Laptop
690,84,902.6,2021-03-04,Headphones
691,59,168.92,2022-05-15,Headphones
692,14,867.7,2022-04-25,Phone
693,1,694.75,2021-06-29,Monitor
694,26,568.17,2021-07-04,Phone
695,59,81.82,2021-12-25,Headphones
696,62,452.41,2022-12-31,Tablet
697,21,843.69,2021-11-09,Tablet
698,8,930.13,2022-04-30,Laptop
699,21,676.73,2022-03-03,Laptop
700,24,837.22,2022-05-12,Phone
701,27,419.34,2022-02-26,Laptop
702,48,291.56,2021-12-28,Tablet
703,7,930.35,2022-06-28,Monitor
704,19,430.45,2022-04-10,Phone
705,31,198.91,2021-02-23,Laptop
706,89,451.08,2021-07-25,Tablet
707,83,459.3,2021-11-02,Monitor
708,62,143.8,2021-06-29,Tablet
709,26,619.09,2022-10-09,Laptop
710,81,746.31,2022-08-23,Headphones
711,79,534.27,2021-02-07,Headphones
712,75,729.2,2021-05-11,Tablet
713,7,132.23,2022-11-25,Monitor
714,51,770.6,2022-11-26,Phone
715,84,622.91,2021-12-05,Headphones
716,18,483.22,2021-04-07,Headphones
717,59,119.64,2022-09-20,Headphones
718,48,634.81,2022-12-14,Headphones
719,48,212.48,2021-12-20,Laptop
720,79,998.58,2021-12-28,Tablet
721,31,255.21,2022-12-01,Monitor
722,62,726.35,2021-04-14,Tablet
723,74,835.68,2021-10-29,Tablet
724,45,984.97,2022-07-09,Phone
725,98,488.28,2022-01-19,Tablet
726,92,601.86,2021-05-28,Laptop
727,77,140.7,2022-09-30,Headphones
728,55,661.95,2022-09-06,Laptop
729,23,79.51,2022-03-29,Monitor
730,50,687.88,2021-01-23,Headphones
731,51,776.35,2022-01-05,Monitor
732,70,528.44,2022-09-28,Monitor
733,73,994.27,2021-09-03,Phone
734,24,658.17,2022-08-03,Phone
735,63,599.82,2021-06-28,Headphones
736,3,707.93,2022-05-25,Headphones
737,82,825.64,2021-08-09,Phone
738,59,928.7,2022-06-03,Monitor
739,30,664.48,2021-06-15,Laptop
740,79,909.7,2022-08-12,Laptop
741,27,945.89,2022-06-20,Phone
742,7,474.82,2022-07-09,Tablet
743,46,503.62,2021-05-07,Headphones
744,53,656.92,2022-01-02,Monitor
745,61,503.49,2022-01-21,Tablet
746,70,798.24,2022-05-08,Tablet
747,63,124.39,2021-03-11,Tablet
748,50,568.85,2022-12-11,Monitor
749,35,315.41,2021-09-30,Laptop
750,7,927.47,2021-09-18,Monitor
751,76,634.92,2022-05-29,Headphones
752,78,579.92,2022-02-03,Phone
753,85,121.15,2022-11-03,Phone
754,11,643.81,2021-11-13,Headphones
755,76,813.01,2021-04-18,Tablet
756,31,775.32,2022-12-31,Laptop
757,98,379.57,2021-08-27,Phone
758,90,416.27,2022-12-15,Tablet
759,3,289.36,2022-11-13,Laptop
760,37,828.15,2022-08-24,Laptop
761,68,129.58,2022-11-14,Tablet
762,66,833.13,2022-12-11,Tablet
763,42,193.02,2022-12-28,Monitor
764,35,459.66,2021-10-29,Laptop
765,75,207.4,2022-12-06,Headphones
766,50,395.11,2022-12-14,Phone
767,31,535.61,2022-12-25,Phone
768,84,953.2,2022-11-07,Monitor
769,67,633.46,2022-02-18,Laptop
770,46,558.48,2021-04-18,Laptop
771,52,530.09,2022-06-15,Monitor
772,31,442.39,2022-09-22,Monitor
773,68,951.15,2021-11-11,Tablet
774,20,939.87,2022-06-07,Phone
775,10,352.73,2022-05-22,Headphones
776,43,925.95,2021-07-03,Monitor
777,45,564.13,2021-09-01,Monitor
778,41,698.26,2021-07-21,Monitor
779,67,130.02,2021-08-02,Tablet
780,28,236.3,2021-07-24,Laptop
781,45,989.46,2021-03-04,Phone
782,24,496.68,2022-02-23,Tablet
783,43,904.47,2021-12-31,Phone
784,51,186.18,2021-01-16,Phone
785,28,773.64,2022-08-23,Laptop
786,29,75.05,2021-11-09,Phone
787,1,721.17,2021-07-02,Monitor
788,71,903.98,2022-11-06,Tablet
789,35,737.78,2022-10-04,Laptop
790,81,350.12,2022-09-05,Phone
791,16,341.0,2021-03-02,Monitor
792,59,348.51,2021-02-11,Phone
793,85,454.42,2022-05-04,Phone
794,47,853.45,2021-05-31,Laptop
795,85,673.54,2021-10-27,Monitor
796,74,459.88,2022-05-03,Monitor
797,88,350.85,2021-07-27,Phone
798,58,408.43,2022-05-19,Headphones
799,13,585.12,2021-05-29,Tablet
800,76,195.47,2021-05-16,Tablet
801,23,390.65,2022-06-12,Tablet
802,86,966.6,2022-03-29,Tablet
803,73,77.25,2021-06-26,Headphones
804,83,369.66,2022-11-16,Tablet
805,85,822.21,2021-06-03,Laptop
806,93,681.56,2022-06-22,Tablet
807,68,864.02,2022-01-18,Laptop
808,92,378.04,2021-06-27,Monitor
809,68,245.27,2021-07-22,Monitor
810,23,493.69,2021-05-06,Laptop
811,57,827.03,2022-08-29,Headphones
812,59,559.52,2022-11-18,Monitor
813,4,882.97,2022-02-05,Monitor
814,8,318.96,2021-09-15,Headphones
815,56,190.1,2021-10-15,Phone
816,85,557.97,2022-10-05,Headphones
817,42,358.01,2021-12-16,Headphones
818,82,761.23,2021-06-18,Tablet
819,78,425.14,2021-06-02,Phone
820,40,519.1,2021-06-26,Phone
821,18,193.12,2022-11-06,Monitor
822,93,554.15,2021-08-20,Monitor
823,5,702.65,2021-12-05,Laptop
824,40,339.2,2021-11-30,Monitor
825,81,614.96,2021-06-06,Tablet
826,29,764.82,2021-08-11,Monitor
827,76,654.22,2021-06-17,Tablet
828,18,541.73,2021-03-11,Monitor
829,11,578.49,2021-11-27,Monitor
830,21,569.56,2022-12-28,Monitor
831,16,412.9,2022-05-22,Monitor
832,23,355.95,2022-07-06,Headphones
833,27,666.16,2022-06-17,Tablet
834,26,923.15,2022-03-12,Tablet
835,66,705.53,2021-04-02,Monitor
836,84,800.7,2022-08-29,Tablet
837,36,586.46,2022-06-10,Laptop
838,40,894.4,2022-03-06,Monitor
839,63,347.63,2021-07-14,Phone
840,98,429.56,2022-07-02,Tablet
841,83,976.9,2022-04-30,Tablet
842,73,209.2,2022-08-14,Monitor
843,11,935.04,2021-07-08,Laptop
844,54,182.91,2021-09-19,Headphones
845,56,619.62,2022-01-03,Headphones
846,11,434.24,2022-10-11,Headphones
847,96,993.56,2022-09-12,Monitor
848,69,263.61,2021-11-15,Laptop
849,76,670.59,2021-02-10,Laptop
850,39,179.12,2021-08-09,Laptop
851,2,620.05,2022-03-22,Monitor
852,74,149.44,2021-03-07,Headphones
853,9,818.19,2021-07-11,Headphones
854,59,170.53,2021-07-06,Headphones
855,28,196.49,2021-10-28,Phone
856,88,854.83,2022-06-14,Tablet
857,35,873.59,2022-06-25,Phone
858,21,624.18,2022-04-23,Laptop
859,48,413.85,2021-08-06,Laptop
860,62,657.3,2021-04-19,Headphones
861,61,939.7,2021-11-18,Laptop
862,41,661.17,2021-08-22,Headphones
863,35,83.56,2022-04-15,Laptop
864,85,408.52,2021-04-13,Headphones
865,14,632.42,2022-02-27,Monitor
866,17,509.15,2021-02-22,Tablet
867,31,794.27,2021-03-27,Monitor
868,82,523.43,2021-05-15,Laptop
869,93,905.27,2021-10-19,Phone
870,54,271.83,2022-01-19,Headphones
871,48,847.73,2021-11-27,Monitor
872,52,139.57,2022-04-15,Phone
873,34,600.33,2021-09-19,Headphones
874,61,282.55,2022-10-23,Laptop
875,55,189.1,2022-05-03,Headphones
876,38,713.63,2021-03-21,Phone
877,87,446.48,2022-07-01,Tablet
878,99,711.99,2021-04-22,Phone
879,34,584.46,2021-09-07,Headphones
880,84,611.64,2021-09-03,Laptop
881,84,358.21,2021-11-06,Laptop
882,5,909.74,2021-07-18,Monitor
883,54,759.73,2021-03-14,Laptop
884,2,557.32,2021-09-14,Monitor
885,61,214.4,2022-06-27,Tablet
886,61,315.62,2022-11-05,Tablet
887,59,815.77,2022-01-13,Headphones
888,39,901.39,2021-03-12,Tablet
889,11,836.3,2021-05-31,Laptop
890,83,905.59,2022-02-17,Laptop
891,19,814.52,2022-04-21,Phone
892,51,370.17,2021-12-01,Laptop
893,73,230.09,2021-06-03,Laptop
894,79,618.46,2021-07-28,Headphones
895,63,704.35,2021-12-28,Tablet
896,41,561.54,2022-06-01,Laptop
897,69,160.23,2021-07-11,Headphones
898,28,53.65,2022-01-01,Tablet
899,83,690.96,2022-02-22,Phone
900,61,598.38,2021-10-09,Headphones
901,4,300.65,2022-09-17,Laptop
902,56,608.78,2022-01-06,Laptop
903,59,699.8,2021-07-28,Phone
904,77,377.88,2021-10-01,Monitor
905,76,206.97,2022-08-29,Headphones
906,4,328.53,2022-04-29,Laptop
907,94,502.47,2021-03-05,Phone
908,57,1000.0,2021-11-08,Tablet
909,50,491.87,2022-04-10,Tablet
910,85,269.87,2021-03-01,Laptop
911,86,439.88,2022-11-16,Phone
912,88,425.62,2022-10-29,Monitor
913,90,62.55,2022-03-20,Headphones
914,48,955.82,2022-12-14,Phone
915,99,923.1,2021-09-12,Monitor
916,34,390.62,2022-11-04,Phone
917,49,204.71,2022-03-31,Monitor
918,2,650.87,2022-01-01,Monitor
919,11,838.03,2021-01-10,Tablet
920,8,153.8,2021-01-09,Phone
921,75,76.33,2021-04-02,Phone
922,24,655.87,2021-10-03,Tablet
923,67,796.83,2022-01-11,Phone
924,12,359.68,2021-09-18,Tablet
925,53,398.87,2021-04-05,Monitor
926,36,500.3,2021-09-06,Phone
927,90,285.74,2021-03-26,Tablet
928,39,570.25,2022-08-18,Monitor
929,64,127.64,2021-06-05,Monitor
930,87,220.37,2022-03-27,Phone
931,53,205.01,2022-04-17,Phone
932,32,110.66,2022-03-25,Phone
933,11,480.1,2022-02-06,Headphones
934,30,54.7,2022-06-03,Monitor
935,36,99.05,2021-04-07,Phone
936,65,392.61,2021-08-08,Headphones
937,6,221.86,2021-09-03,Tablet
938,22,763.68,2021-12-01,Tablet
939,54,418.22,2021-10-07,Tablet
940,100,749.94,2022-08-31,Phone
941,47,192.71,2021-12-02,Monitor
942,8,556.86,2022-05-17,Headphones
943,16,811.94,2022-09-24,Monitor
944,10,558.83,2021-08-17,Laptop
945,37,757.03,2022-08-12,Phone
946,43,437.3,2022-08-06,Laptop
947,62,356.8,2022-05-24,Headphones
948,3,227.27,2021-10-16,Phone
949,60,799.85,2021-10-09,Laptop
950,38,129.61,2022-06-08,Tablet
951,36,223.76,2021-01-04,Laptop
952,78,674.51,2022-02-07,Tablet
953,77,95.14,2022-06-08,Phone
954,11,285.2,2021-08-09,Phone
955,50,243.1,2022-11-08,Laptop
956,14,184.28,2021-03-19,Headphones
957,19,907.66,2022-12-18,Headphones
958,16,230.38,2021-10-07,Headphones
959,27,701.68,2021-05-22,Phone
960,92,683.28,2022-07-08,Monitor
961,26,337.43,2021-08-22,Monitor
962,7,736.32,2021-01-18,Phone
963,44,376.26,2022-03-27,Phone
964,84,273.46,2021-03-30,Monitor
965,43,709.45,2022-10-24,Headphones
966,38,739.16,2021-12-12,Headphones
967,39,496.08,2022-10-25,Headphones
968,82,428.87,2021-11-09,Headphones
969,14,562.72,2022-08-18,Monitor
970,93,235.94,2021-12-03,Tablet
971,38,500.43,2022-07-14,Laptop
972,34,950.45,2022-02-10,Tablet
973,36,554.53,2021-06-21,Tablet
974,59,144.83,2022-02-09,Laptop
975,63,547.89,2021-08-08,Monitor
976,10,512.15,2022-10-31,Phone
977,48,734.73,2021-03-25,Laptop
978,70,219.91,2021-05-08,Laptop
979,26,772.09,2022-12-24,Laptop
980,54,471.44,2021-06-30,Tablet
981,96,435.66,2021-11-04,Phone
982,90,564.13,2021-11-01,Tablet
983,68,949.7,2022-10-13,Tablet
984,49,674.53,2021-08-25,Tablet
985,6,272.44,2021-10-31,Tablet
986,21,584.78,2021-05-30,Monitor
987,28,776.45,2022-12-04,Phone
988,55,988.9,2021-09-13,Headphones
989,27,760.53,2021-10-16,Laptop
990,90,321.91,2022-12-15,Monitor
991,97,277.94,2022-03-11,Phone
992,81,763.7,2022-07-12,Monitor
993,11,82.64,2021-01-31,Monitor
994,91,211.8,2022-01-14,Tablet
995,46,109.04,2022-02-16,Headphones
996,44,841.44,2022-02-25,Phone
997,60,263.45,2022-08-21,Headphones
998,48,572.48,2022-10-23,Headphones
999,87,702.37,2021-07-11,Headphones
1000,96,218.77,2021-05-24,Monitor
